"/wiki/10cc" 10cc
"/wiki/10_Years_(band)" 10_Years
"/wiki/2_Chainz" 2_Chainz
"/wiki/3_Doors_Down" 3_Doors_Down
"/wiki/4minute" 4minute
"/wiki/4_Non_Blondes" 4_Non_Blondes
"/wiki/4_Strings" 4_Strings
"/wiki/The_1975" The_1975
"/wiki/5_Seconds_of_Summer" 5_Seconds_of_Summer
"/wiki/50_Cent" 50_Cent
"/wiki/6ix9ine" 6ix9ine
"/wiki/A._R._Rahman" A._R._Rahman
"/wiki/A-Mei" A-Mei
"/wiki/Aaliyah" Aaliyah
"/wiki/Abandon_All_Ships" Abandon_All_Ships
"/wiki/ABBA" ABBA
"/wiki/Ace_Hood" Ace_Hood
"/wiki/Ace_of_Base" Ace_of_Base
"/wiki/Adassa" Adassa
"/wiki/Admiral_T" Admiral_T
"/wiki/AFI_(band)" AFI
"/wiki/Afrojack" Afrojack
"/wiki/After_Midnight_Project" After_Midnight_Project
"/wiki/AGA_(singer)" AGA
"/wiki/Airbourne_(band)" Airbourne
"/wiki/The_Airborne_Toxic_Event" The_Airborne_Toxic_Event
"/wiki/Aitana_(singer)" Aitana
"/wiki/AJR_(band)" AJR
"/wiki/Akon" Akon
"/wiki/Alan_Tam" Alan_Tam
"/wiki/Alessia_Cara" Alessia_Cara
"/wiki/Alesso" Alesso
"/wiki/Alexander_Rybak" Alexander_Rybak
"/wiki/Alice_Nine" Alice_Nine
"/wiki/Alicia_Bridges" Alicia_Bridges
"/wiki/Alison_Krauss" Alison_Krauss
"/wiki/All_About_Eve_(band)" All_About_Eve
"/wiki/The_All-American_Rejects" The_All-American_Rejects
"/wiki/All_That_Remains_(band)" All_That_Remains
"/wiki/All_Time_Low" All_Time_Low
"/wiki/Allstar_Weekend" Allstar_Weekend
"/wiki/Alphabeat" Alphabeat
"/wiki/Alphaville_(band)" Alphaville
"/wiki/Aloe_Blacc" Aloe_Blacc
"/wiki/Alsou" Alsou
"/wiki/Alter_Bridge" Alter_Bridge
"/wiki/Amaranthe" Amaranthe
"/wiki/Amy_Holland" Amy_Holland
"/wiki/Amy_Winehouse" Amy_Winehouse
"/wiki/Ana_Guerra" Ana_Guerra
"/wiki/Ana_Moura" Ana_Moura
"/wiki/Anastacia" Anastacia
"/wiki/Anberlin" Anberlin
"/wiki/Andrea_Bocelli" Andrea_Bocelli
"/wiki/Angels_%26_Airwaves" Angels_&amp _Airwaves
"/wiki/Anggun" Anggun
"/wiki/Walt_Disney_Records" Walt_Disney_Records
"/wiki/Anthrax_(American_band)" Anthrax
"/wiki/Apink" Apink
"/wiki/Apocalyptica" Apocalyptica
"/wiki/Aqua_(band)" Aqua
"/wiki/The_Aquabats" The_Aquabats
"/wiki/Arcade_Fire" Arcade_Fire
"/wiki/Ariana_Grande" Ariana_Grande
"/wiki/Armin_Van_Buuren" Armin_Van_Buuren
"/wiki/Army_of_Lovers" Army_of_Lovers
"/wiki/Arnaldo_Antunes" Arnaldo_Antunes
"/wiki/Art_Garfunkel" Art_Garfunkel
"/wiki/As_It_Is_(band)" As_It_Is
"/wiki/Ashanti_(entertainer)" Ashanti
"/wiki/Asher_Roth" Asher_Roth
"/wiki/Ashes_Divide" Ashes_Divide
"/wiki/Ashlee_Simpson" Ashlee_Simpson
"/wiki/Ashton_Shepherd" Ashton_Shepherd
"/wiki/Asia_(band)" Asia
"/wiki/Astrid_S" Astrid_S
"/wiki/Asuca_Hayashi" Asuca_Hayashi
"/wiki/Atreyu" Atreyu
"/wiki/Ateez" Ateez
"/wiki/Audioslave" Audioslave
"/wiki/August_Burns_Red" August_Burns_Red
"/wiki/Walt_Disney_Records" Walt_Disney_Records
"/wiki/Aura_Dione" Aura_Dione
"/wiki/Avenged_Sevenfold" Avenged_Sevenfold
"/wiki/Avicii" Avicii
"/wiki/Aya_Hirano" Aya_Hirano
"/wiki/Ay%E1%BB%8D" Ayọ
"/wiki/B.G._(rapper)" BG
"/wiki/Baba_Saad" Baba_Saad
"/wiki/Babi_Xavier" Babi_Xavier
"/wiki/Babyface_(musician)" Babyface
"/wiki/Backstreet_Boys" Backstreet_Boys
"/wiki/Barei_(singer)" Barei
"/wiki/Walt_Disney_Records" Walt_Disney_Records
"/wiki/Base_Ball_Bear" Base_Ball_Bear
"/wiki/Bastille_(band)" Bastille
"/wiki/Beast_(South_Korean_band)" BEAST
"/wiki/The_Beatles" The_Beatles
"/wiki/Bee_Gees" Bee_Gees
"/wiki/Belinda_Carlisle" Belinda_Carlisle
"/wiki/Belinda_Peregr%C3%ADn" Belinda_Peregrín
"/wiki/Beni_Arashiro" Beni_Arashiro
"/wiki/Benny_Benassi" Benny_Benassi
"/wiki/Berlin_(band)" Berlin
"/wiki/Walt_Disney_Records" Walt_Disney_Records
"/wiki/Big_Bang_(South_Korean_band)" Big_Bang
"/wiki/Big_Sean" Big_Sean
"/wiki/Big_Time_Rush" Big_Time_Rush
"/wiki/Billie_Eilish" Billie_Eilish
"/wiki/Billy_Blue" Billy_Blue
"/wiki/Biquini_Cavad%C3%A3o" Biquini_Cavadão
"/wiki/Birdman_(rapper)" Birdman
"/wiki/Bishop_Lamont" Bishop_Lamont
"/wiki/Bj%C3%B6rk" Björk
"/wiki/The_Black_Eyed_Peas" The_Black_Eyed_Peas
"/wiki/Blackpink" Blackpink
"/wiki/Black_Tide" Black_Tide
"/wiki/Black_Veil_Brides" Black_Veil_Brides
"/wiki/Blaxy_Girls" Blaxy_Girls
"/wiki/Blink-182" Blink-182
"/wiki/Blue_October" Blue_October
"/wiki/Blood_Raw" Blood_Raw
"/wiki/Bloodhound_Gang" Bloodhound_Gang
"/wiki/Bloom_06" Bloom_06
"/wiki/Blue_(English_band)" Blue
"/wiki/Bob_Marley" Bob_Marley
"/wiki/Bob_Sinclar" Bob_Sinclar
"/wiki/Bobby_McFerrin" Bobby_McFerrin
"/wiki/Bohemia_(musician)" Bohemia
"/wiki/Bombay_Rockers" Bombay_Rockers
"/wiki/Bon_Jovi" Bon_Jovi
"/wiki/Bond_(band)" Bond_(band)
"/wiki/Bone_Thugs-n-Harmony" Bone_Thugs-n-Harmony
"/wiki/Boston_(band)" Boston
"/wiki/Boys_Republic_(band)" Boys_Republic
"/wiki/Boyzone" Boyzone
"/wiki/Bow_Wow_(rapper)" Bow_Wow
"/wiki/Bradley_Cooper" Bradley_Cooper
"/wiki/Brand_New_(band)" Brand_New
"/wiki/Brandy_Norwood" Brandy
"/wiki/The_Bravery" The_Bravery
"/wiki/Breaking_Benjamin" Breaking_Benjamin
"/wiki/Bridgit_Mendler" Bridgit_Mendler
"https://id.wikipedia.org/wiki/Brisia_Jodie_Maurinne" Brisia_Jodie_Maurinne
"/wiki/Walt_Disney_Records" Walt_Disney_Records
"/wiki/Bruno_%26_Marrone" Bruno_&amp _Marrone
"/wiki/Bryan_Adams" Bryan_Adams
"/wiki/Brynn_Cartelli" Brynn_Cartelli
"/wiki/BtoB_(band)" BtoB
"/wiki/BTS_(band)" BTS
"/wiki/Buckcherry" Buckcherry
"/wiki/Bullet_for_My_Valentine" Bullet_for_My_Valentine
"/wiki/Bun_B" Bun_B
"/wiki/Buraka_Som_Sistema" Buraka_Som_Sistema
"/wiki/Bushido_(rapper)" Bushido
"/wiki/Busta_Rhymes" Busta_Rhymes
"/wiki/Butthole_Surfers" Butthole_Surfers
"/wiki/Camille_(American_singer)" Camille
"/wiki/Caparezza" Caparezza
"/wiki/Capital_Cities_(band)" Capital_Cities
"/wiki/Carlinhos_Brown" Carlinhos_Brown
"/wiki/Walt_Disney_Records" Walt_Disney_Records
"/wiki/Carlos_do_Carmo" Carlos_do_Carmo
"/wiki/Carly_Rae_Jepsen" Carly_Rae_Jepsen
"/wiki/The_Carpenters" The_Carpenters
"/wiki/Carrie_Underwood" Carrie_Underwood
"/wiki/The_Cranberries" The_Cranberries
"/wiki/The_Crystal_Method" The_Crystal_Method
"/wiki/The_Cure" The_Cure
"/wiki/Cascada" Cascada
"/wiki/Cassadee_Pope" Cassadee_Pope
"/wiki/C%C3%A1ssia_Eller" Cássia_Eller
"/wiki/Cassie_(singer)" Cassie
"/wiki/Cash_Cash" Cash_Cash
"/wiki/Cassper_Nyovest" Cassper_Nyovest
"/wiki/Cazuza" Cazuza
"/wiki/Cedric_Gervais" Cedric_Gervais
"/wiki/Walt_Disney_Records" Walt_Disney_Records
"/wiki/Cepeda_(singer)" Cepeda_(singer)
"/wiki/Cinema_Bizarre" Cinema_Bizarre_(band)
"/wiki/City_Boy_(band)" City_Boy
"/wiki/Craig_David" Craig_David
"/wiki/Chamillionaire" Chamillionaire
"/wiki/Charlee" Charlee
"/wiki/Charlene_(singer)" Charlene
"/wiki/Charles_and_Eddie" Charles_and_Eddie
"/wiki/Charles_Aznavour" Charles_Aznavour
"/wiki/Charles_Hamilton_(rapper)" Charles_Hamilton
"/wiki/Chay_Suede" Chay_Suede
"/wiki/Walt_Disney_Records" Walt_Disney
"/wiki/The_Chemical_Brothers" The_Chemical_Brothers
"/wiki/Chenoa" Chenoa
"/wiki/Cher" Cher
"/wiki/Cher_Lloyd" Cher_Lloyd
"/wiki/Cherish_(group)" Cherish
"/wiki/Cheryl_(singer)" Cheryl
"/wiki/Chester_French" Chester_French
"https://id.wikipedia.org/wiki/Chilla_Kiana" Chilla_Kiana
"/wiki/Children_Collide" Children_Collide
"/wiki/Chicane" Chicane
"/wiki/Children_of_Bodom" Children_of_Bodom
"/wiki/Chris_Cornell" Chris_Cornell
"/wiki/Chris_Daughtry" Chris_Daughtry
"/wiki/Chris_Stapleton" Chris_Stapleton
"/wiki/Chit%C3%A3ozinho_%26_Xoror%C3%B3" Chitãozinho_&amp _Xororó
"/wiki/Walt_Disney_Records" Walt_Disney_Records
"/wiki/Cimorelli" Cimorelli
"/wiki/Claude_Kelly" Claude_Kelly
"/wiki/Coal_Chamber" Coal_Chamber
"/wiki/Christina_Milian" Christina_Milian
"/wiki/Christina_Grimmie" Christina_Grimmie
"/wiki/Chrisette_Michelle" Chrisette_Michelle
"/wiki/Chumbawamba" Chumbawamba
"/wiki/Clementino" Clementino
"/wiki/Clouds_(60s_rock_band)" Clouds
"/wiki/Club_Dogo" Club_Dogo
"/wiki/Colbie_Caillat" Colbie_Caillat
"/wiki/Colby_O%27Donis" Colby_O'Donis
"/wiki/Coldplay" Coldplay
"/wiki/Common_(rapper)" Common
"/wiki/Conan_Gray" Conan_Gray
"/wiki/Corson_(singer)" Corson
"/wiki/Cory_Gunz" Cory_Gunz
"/wiki/Counting_Crows" Counting_Crows
"/wiki/Clique_Girlz" Clique_Girlz
"/wiki/Crashd%C3%AFet" Crashdïet
"/wiki/Ciara" Ciara
"/wiki/CPM_22" CPM_22
"/wiki/Crazy_Frog" Crazy_Frog
"/wiki/Crazy_Town" Crazy_Town
"/wiki/Creamy" Creamy
"/wiki/Crystal_Castles_(band)" Crystal_Castles
"/wiki/Crystal_Kay" Crystal_Kay
"/wiki/Curren$y" Curren$y
"/wiki/Cut_Copy" Cut_Copy
"/wiki/Cyndi_Lauper" Cyndi_Lauper
"/wiki/DeLon" DeLon
"/wiki/D12" D12
"/wiki/D._Brown" D._Brown
"/wiki/Da_Mouth" Da_Mouth
"/wiki/Daddy_Yankee" Daddy_Yankee
"/wiki/Daiyan_Trisha" Daiyan_Trisha
"/wiki/Dan_Black" Dan_Black
"/wiki/Dan_Reynolds_(singer)" Dan_Reynolds
"/wiki/Dan_Smith_(singer)" Dan_Smith
"/wiki/Dancemania" Dancemania
"/wiki/Daniel_Merriweather" Daniel_Merriweather
"/wiki/Danzig_(band)" Danzig
"/wiki/Dark_Tranquility" Dark_Tranquility
"/wiki/Darren_Espanto" Darren_Espanto
"/wiki/David_Banner" David_Banner
"/wiki/David_Bisbal" David_Bisbal
"/wiki/David_Bustamante" David_Bustamante
"/wiki/David_Fonseca" David_Fonseca
"/wiki/David_Gray_(musician)" David_Gray
"/wiki/David_Guetta" David_Guetta
"/wiki/David_Nail" David_Nail
"/wiki/Darude" Darude
"/wiki/Days_Difference" Days_Difference
"/wiki/Dead_by_April" Dead_by_April
"/wiki/Debbie_Harry" Debbie_Harry
"/wiki/Dave_Matthews_Band" Dave_Matthews_Band
"/wiki/Deadmau5" Deadmau5
"/wiki/Dean_Martin" Dean_Martin
"/wiki/Death_(metal_band)" Death
"/wiki/Dean_(South_Korean_singer)" Dean
"/wiki/Deep_Purple" Deep_Purple
"/wiki/Def_Leppard" Def_Leppard
"/wiki/Demi_Lovato" Demi_Lovato
"/wiki/Denez_Prigent" Denez_Prigent
"/wiki/Depeche_Mode" Depeche_Mode
"/wiki/Desiigner" Desiigner
"/wiki/Device_(pop-rock_band)" Device
"/wiki/Diamond_Platnumz" Diamond_Platnumz
"/wiki/Diana_Ross" Diana_Ross
"/wiki/Dido_(singer)" Dido
"/wiki/Didrik_Solli-Tangen" Dtidrik_Solli-Tangenh
"/wiki/Die_Antwoord" Die_Antwoord
"/wiki/Dierks_Bentley" Dierks_Bentley
"/wiki/Dire_Straits" Dire_Straits
"/wiki/Dirty_Vegas" Dirty_Vegas
"/wiki/Dima_Bilan" Dima_Bilan
"/wiki/Divine_Brown" Divine_Brown
"/wiki/Dizzee_Rascal" Dizzee_Rascal
"/wiki/DJ_Khaled" DJ_Khaled
"/wiki/DJ_Snake" DJ_Snake
"/wiki/DMX_(rapper)" DMX
"/wiki/DNCE" DNCE
"/wiki/Doda_(singer)" Doda
"/wiki/Dolly_Parton" Dolly_Parton
"/wiki/Dolores_O%27Riordan" Dolores_O'Riordan
"/wiki/Don_Omar" Don_Omar
"/wiki/Walt_Disney_Records" Walt_Disney_Records
"/wiki/Donna_Lewis" Donna_Lewis
"/wiki/Donna_Summer" Donna_Summer
"/wiki/Doro_(musician)" Doro
"/wiki/Double_You" Double_You
"/wiki/The-Dream" The-Dream
"/wiki/Dreams_Come_True_(band)" Dreams_Come_True
"/wiki/DragonForce" DragonForce
"/wiki/Dragonette" Dragonette
"/wiki/Drake_(entertainer)" Drake
"/wiki/Drake_Bell" Drake_Bell
"/wiki/The_Drums" The_Drums
"/wiki/Dr._Dre" Dr._Dre
"/wiki/Duck_Sauce" Duck_Sauce
"/wiki/Duffy_(singer)" Duffy
"/wiki/Duke_Dumont" Duke_Dumont
"/wiki/Dulce_Maria" Dulce_Maria
"/wiki/Duran_Duran" Duran_Duran
"/wiki/DVDA_(band)" DVDA
"/wiki/Walt_Disney_Records" Walt_Disney_Records
"/wiki/Dzeko_(DJ)" Dzeko
"/wiki/The_Eagles" The_Eagles
"/wiki/Eason_Chan" Eason_Chan
"/wiki/Easton_Corbin" Easton_Corbin
"/wiki/Edoardo_Bennato" Edoardo_Bennato
"/wiki/Eels_(band)" Eels
"/wiki/Eiffel_65" Eiffel_65
"/wiki/Elhaida_Dani" Elhaida_Dani
"/wiki/Elena_Paparizou" Elena_Paparizou
"/wiki/Ellie_Goulding" Ellie_Goulding
"/wiki/Eloy_(band)" Eloy
"/wiki/Elton_John" Elton_John
"/wiki/Walt_Disney_Records" Walt_Disney_Records
"/wiki/Eminem" Eminem
"/wiki/Emma_Bunton" Emma_Bunton
"/wiki/Emmelie_de_Forest" Emmelie_de_Forest
"/wiki/Enigma_(German_band)" Enigma
"/wiki/Enca_Haxhia" Enca
"/wiki/Enrique_Iglesias" Enrique_Iglesias
"/wiki/Geffen_Records" Geffen_Records
"/wiki/Emma%27s_Imagination" Emma's_Imagination
"/wiki/Empire_of_the_Sun_(band)" Empire_of_the_Sun
"/wiki/Enter_Shikari" Enter_Shikari
"/wiki/Equinox_(Bulgarian_band)" Equinox_(Bulgaria)
"/wiki/Eric_Papilaya" Eric_Papilaya
"/wiki/Eric_Whitacre" Eric_Whitacre
"/wiki/Eriko_Tamura" Eriko_Tamura
"/wiki/Eros_Ramazzotti" Eros_Ramazzotti
"/wiki/Erykah_Badu" Erykah_Badu
"/wiki/Escape_the_Fate" Escape_the_Fate
"/wiki/Estelle_(musician)" Estelle
"/wiki/Eugenio_Bennato" Eugenio_Bennato
"/wiki/Walt_Disney_Records" Walt_Disney_Records
"/wiki/Evanescence" Evanescence
"/wiki/Exo_(band)" EXO
"/wiki/Exodus_(band)" Exodus
"/wiki/Fabolous" Fabolous
"/wiki/Fabri_Fibra" Fabri_Fibra
"/wiki/Faithless" Faithless
"/wiki/Fall_Out_Boy" Fall_Out_Boy
"/wiki/FanFan" FanFan
"/wiki/Fang_Wu" Fang_Wu
"/wiki/Far_East_Movement" Far_East_Movement
"/wiki/Faryl_Smith" Faryl_Smith
"/wiki/Fazura" Fazura
"/wiki/Felli_Fel" Felli_Fel
"/wiki/Fergie_(singer)" Fergie
"/wiki/Karin_Dreijer_Andersson" Fever_Ray
"/wiki/The_Fevers" The_Fevers
"/wiki/Finger_Eleven" Finger_Eleven
"/wiki/Fish_Leong" Fish_Leong
"/wiki/Fisherman%27s_Friends" Fisherman's_Friends
"/wiki/Walt_Disney_Records" Walt_Disney_Records
"/wiki/Flaw_(band)" Flaw
"/wiki/The_Fleetwoods" The_Fleetwoods
"/wiki/Flipsyde" Flipsyde
"/wiki/Flo_Rida" Flo_Rida
"/wiki/Florence_and_the_Machine" Florence_and_the_Machine
"/wiki/Florence_Welch" Florence_Welch
"/wiki/Forever_the_Sickest_Kids" Forever_the_Sickest_Kids
"/wiki/Franco_Battiato" Franco_Battiato
"/wiki/Frankie_Goes_to_Hollywood" Frankie_Goes_to_Hollywood
"/wiki/French_Montana" French_Montana
"/wiki/Fresno_(band)" Fresno
"/wiki/G.NA" G.NA
"/wiki/Walt_Disney_Records" Walt_Disney_Records
"/wiki/Walt_Disney_Records" Walt_Disney_Records
"/wiki/The_Game_(rapper)" The_Game
"/wiki/Gary_Allan" Gary_Allan
"/wiki/George_Benson" George_Benson
"/wiki/George_Lam" George_Lam
"/wiki/George_Michael" George_Michael
"/wiki/George_Harrison" George_Harrison
"/wiki/George_Strait" George_Strait
"/wiki/Ghostface_Killah" Ghostface_Killah
"/wiki/Gianna_Nannini" Gianna_Nannini
"/wiki/Gin_Lee" Gin_Lee
"/wiki/Giorgio_Moroder" Giorgio_Moroder
"/wiki/Girlicious" Girlicious
"/wiki/Girls%27_Generation" Girls'_Generation
"/wiki/Glasses_Malone" Glasses_Malone
"/wiki/Gloria_Jessica" Gloria_Jessica
"/wiki/Gloria_Trevi" Gloria_Trevi
"/wiki/Go_Back_to_the_Zoo" Go_Back_to_the_Zoo
"/wiki/Godsmack" Godsmack
"/wiki/The_Go-Go%27s" The_Go-Go's
"/wiki/Gorillaz" Gorillaz
"/wiki/Gotye" Gotye
"/wiki/GOT7" GOT7
"/wiki/Gravitonas" Gravitonas
"/wiki/Great_White" Great_White
"/wiki/Greyson_Chance" Greyson_Chance
"/wiki/Guilherme_Arantes" Guilherme_Arantes
"/wiki/Guns_N%27_Roses" Guns_N'_Roses
"/wiki/Gwen_Stefani" Gwen_Stefani
"/wiki/Hacken_Lee" Hacken_Lee
"/wiki/Haddaway" Haddaway
"/wiki/Hailee_Steinfeld" Hailee_Steinfeld
"/wiki/Halsey_(singer)" Halsey
"/wiki/Heart_(band)" Heart
"/wiki/Hedley_(band)" Hedley
"/wiki/Helene_Fischer" Helene_Fischer
"/wiki/Hellogoodbye" Hellogoodbye
"/wiki/Hide_(musician)" Hide
"/wiki/HIM_(Finnish_band)" HIM
"/wiki/Hinder" Hinder
"/wiki/Hins_Cheung" Hins_Cheung
"/wiki/Holly_Williams" Holly_Williams
"/wiki/Mr_Hudson" Mr_Hudson
"/wiki/Hoobastank" Hoobastank
"/wiki/Hollywood_Monsters_(band)" Hollywood_Monsters
"/wiki/Hollywood_Undead" Hollywood_Undead
"/wiki/Hot_Rod_(rapper)" Hot_Rod
"/wiki/Hot_Chelle_Rae" Hot_Chelle_Rae
"/wiki/Hozier_(musician)" Hozier
"/wiki/The_Human_League" The_Human_League
"/wiki/Hyper_Crush" Hyper_Crush
"/wiki/I_Blame_Coco" I_Blame_Coco
"/wiki/I_Prevail" I_Prevail
"/wiki/Il_Volo" Il_Volo
"/wiki/Ice_Nine_Kills" Ice_Nine_Kills
"/wiki/Ida_Maria" Ida_Maria
"/wiki/Walt_Disney_Records" Walt_Disney_Records
"/wiki/Iggy_Azalea" Iggy_Azalea
"/wiki/Ilya_Salmanzadeh" Ilya
"/wiki/Imagine_Dragons" Imagine_Dragons
"/wiki/India_Arie" India_Arie
"/wiki/In_Dread_Response" In_Dread_Response
"/wiki/Inna" Inna
"/wiki/Ivete_Sangalo" Ivete_Sangalo
"/wiki/Incubus_(band)" Incubus
"/wiki/Infected_Mushroom" Infected_Mushroom
"/wiki/Inner_Circle_(reggae_band)" Inner_Circle
"/wiki/Infinite_(band)" Infinite
"/wiki/Irene_Cara" Irene_Cara
"/wiki/Iron_Maiden" Iron_Maiden
"/wiki/Ironik" Ironik
"/wiki/Isaac_Hayes" Isaac_Hayes
"/wiki/Israel_Kamakawiwo%CA%BBole" Israel_Kamakawiwoʻole
"/wiki/Institute" Institute
"/wiki/IU_(singer)" IU
"/wiki/Iz_One" IZ*ONE
"/wiki/Walt_Disney_Records" Walt_Disney_Records
"/wiki/Jacky_Cheung" Jacky_Cheung
"/wiki/Jack_Jersey" Jack_Jersey
"/wiki/Jack_Johnson_(musician)" Jack_Johnson
"/wiki/The_Jackson_5" The_Jackson_5
"/wiki/Jacob_Collier" Jacob_Collier
"/wiki/Jada_(band)" Jada
"/wiki/Jadakiss" Jadakiss
"/wiki/Jadyn_Maria" Jadyn_Maria
"/wiki/Jae_Millz" Jae_Millz
"/wiki/Universal_Music_Latin" Universal_Music_Latin
"/wiki/James_Blunt" James_Blunt
"/wiki/James_Morrison_(singer)" James_Morrison
"/wiki/Jamie_Principle" Jamie_Principle
"/wiki/Jan_Hammer" Jan_Hammer
"/wiki/Jane_Birkin" Jane_Birkin
"/wiki/Jason_Dy" Jason_Dy
"/wiki/Jay_Sean" Jay_Sean
"/wiki/Jay_Hardway" Jay_Hardway
"/wiki/Jay-Z" Jay-Z
"/wiki/Ja_Rule" Ja_Rule
"/wiki/JD_McCrary" JD_McCrary
"/wiki/Jean-Michel_Jarre" Jean-Michel_Jarre
"/wiki/Jedward" Jedward
"/wiki/Walt_Disney_Records" Walt_Disney_Records
"/wiki/Jeremih" Jeremih
"/wiki/Jessie_J" Jessie_J
"/wiki/Jessie_James" Jessie_James
"/wiki/Jessica_Sanchez" Jessica_Sanchez
"/wiki/Eastworld" Eastworld
"/wiki/Jennifer_Lopez" Jennifer_Lopez
"/wiki/Jessica_Mauboy" Jessica_Mauboy
"/wiki/Jessica_Simpson" Jessica_Simpson
"/wiki/Jin_Au-Yeung" Jin_Au-Yeung
"/wiki/Joana_Zimmer" Joana_Zimmer
"/wiki/Joe_Cocker" Joe_Cocker
"/wiki/Joe_Hisaishi" Joe_Hisaishi
"/wiki/Joe_Jonas" Joe_Jonas
"/wiki/Joe_Walsh" Joe_Walsh
"/wiki/John_Lennon" John_Lennon
"/wiki/John_Mayer" John_Mayer
"/wiki/Johnny_Cash" Johnny_Cash
"/wiki/Johnny_Orlando" Johnny_Orlando
"/wiki/Johnta_Austin" Johnta_Austin
"/wiki/Jonas_Blue" Jonas_Blue
"/wiki/Jonas_Brothers" Jonas_Brothers
"/wiki/Walt_Disney_Records" Walt_Disney_Records
"/wiki/Josh_Gracin" Josh_Gracin
"/wiki/Joe_Satriani" Joe_Satriani
"/wiki/Jordan_Chan" Jordan_Chan
"/wiki/Walt_Disney_Records" Walt_Disney_Records
"/wiki/Josh_Turner" Josh_Turner
"/wiki/Josh_Dun" Josh_Dun
"/wiki/Jovanotti" Jovanotti
"/wiki/Juanes" Juanes
"/wiki/Juan_Karlos_Labajo" Juan_Karlos_Labajo
"/wiki/Juelz_Santana" Juelz_Santana
"/wiki/Walt_Disney_Records" Walt_Disney_Records
"/wiki/Junnosuke_Taguchi" Junnosuke_Taguchi
"/wiki/Justin_Bieber" Justin_Bieber
"/wiki/Jacquees" Jacquees
"/wiki/Kaitlyn_Maher" Kaitlyn_Maher
"/wiki/Kacey_Musgraves" Kacey_Musgraves
"/wiki/Kanye_West" Kanye_West
"/wiki/Kardinal_Offishall" Kardinal_Offishall
"/wiki/Kara_(South_Korean_band)" KARA
"/wiki/Karen_Mok" Karen_Mok
"/wiki/Walt_Disney_Records" Walt_Disney_Records
"/wiki/Karkadan" Karkadan
"/wiki/Katharine_McPhee" Katharine_McPhee
"/wiki/Kat_DeLuna" Kat_DeLuna
"/wiki/Kate_Earl" Kate_Earl
"/wiki/Katy_Perry" Katy_Perry
"/wiki/Walt_Disney_Records" Walt_Disney_Records
"/wiki/Keith_Urban" Keith_Urban
"/wiki/Kelis" Kelis
"/wiki/Kelly_Chen" Kelly_Chen
"/wiki/Kendrick_Lamar" Kendrick_Lamar
"/wiki/Keri_Hilson" Keri_Hilson
"/wiki/Keshia_Chant%C3%A9" Keshia_Chanté
"/wiki/Kevin_McHale_(actor)" _Kevin_McHale
"/wiki/Kevin_Rudolf" Kevin_Rudolf
"/wiki/Keyshia_Cole" Keyshia_Cole
"/wiki/Kid_Abelha" Kid_Abelha
"/wiki/Kid_Cudi" Kid_Cudi
"/wiki/Kidz_Bop_Kids" Kidz_Bop_Kids
"/wiki/The_Killers" The_Killers
"/wiki/Kim_Carnes" Kim_Carnes
"/wiki/Kim_Hyun-joong" Kim_Hyun-joong
"/wiki/Kim_Wilde" Kim_Wilde
"/wiki/Kiss_(band)" Kiss
"/wiki/K.I.Z" K.I.Z
"/wiki/The_Knife" The_Knife
"/wiki/Kris_Wu" Kris_Wu
"/wiki/Krista_Siegfrids" Krista_Siegfrids
"/wiki/Kristian_Kostov" Kristian_Kostov
"/wiki/Walt_Disney_Records" Walt_Disney_Records
"/wiki/Kuana_Torres_Kahele" Kuana_Torres_Kahele
"/wiki/Kyu_Sakamoto" Kyu_Sakamoto
"/wiki/Lana_Del_Rey" Lana_Del_Rey
"/wiki/Loren_Gray" Loren_Gray
"/wiki/La_Roux" La_Roux
"/wiki/Lady_Antebellum" Lady_Antebellum
"/wiki/Lady_Gaga" Lady_Gaga
"/wiki/Ladyhawke_(musician)" Ladyhawke
"/wiki/Latino_(singer)" Latino
"/wiki/Lawson_(band)" Lawson
"/wiki/Walt_Disney_Records" Walt_Disney_Records
"/wiki/Lee_Ann_Womack" Lee_Ann_Womack
"/wiki/Legi%C3%A3o_Urbana" Legião_Urbana
"/wiki/Lena_Meyer-Landrut" Lena_Meyer-Landrut
"/wiki/Lesley_Gore" Lesley_Gore
"/wiki/Leslie_Cheung" Leslie_Cheung
"/wiki/Lifer_(band)" Lifer
"/wiki/Lights_(musician)" Lights
"/wiki/Lil_Ru" Lil_Ru
"/wiki/Lil_Scrappy" Lil_Scrappy
"/wiki/Lil_Twist" Lil_Twist
"/wiki/Lil%27_Kim" Lil'_Kim
"/wiki/Lil_Mosey" Lil_Mosey
"/wiki/Lil_Wayne" Lil_Wayne
"/wiki/Lil_Yachty" Lil_Yachty
"/wiki/Lim_Hyung_Joo" Lim_Hyung_Joo
"/wiki/Limp_Bizkit" Limp_Bizkit
"/wiki/Walt_Disney_Records" Walt_Disney_Records
"/wiki/Lionel_Richie" Lionel_Richie
"/wiki/Lita_Ford" Lita_Ford
"/wiki/LMFAO_(band)" LMFAO
"/wiki/Lob%C3%A3o" Lobão
"/wiki/Logic_(musician)" Logic
"/wiki/The_Lonely_Island" The_Lonely_Island
"/wiki/Lorde" Lorde
"/wiki/Lucenzo" Lucenzo
"/wiki/Ludo_(band)" Ludo
"/wiki/Ludacris" Ludacris
"/wiki/Luke_Bryan" Luke_Bryan
"/wiki/Lulu_Santos" Lulu_Santos
"/wiki/The_Lumineers" The_Lumineers
"/wiki/LUNA_SEA" LUNA_SEA
"/wiki/Walt_Disney_Records" Walt_Disney_Records
"/wiki/Lyca_Gairanod" Lyca_Gairanod
"/wiki/Mack_10" Mack_10
"/wiki/Mack_Maine" Mack_Maine
"/wiki/Madonna_(entertainer)" Madonna
"/wiki/Mahmood_(singer)" Mahmood_(singer)
"/wiki/The_Maine_(band)" The_Maine
"/wiki/Mallary_Hope" Mallary_Hope
"/wiki/Malu_Trevejo" Malu_Trevejo
"/wiki/Mamonas_Assassinas" Mamonas_Assassinas
"/wiki/Mannie_Fresh" Mannie_Fresh
"/wiki/Manu_Gavassi" Manu_Gavassi
"/wiki/Mao_Denda" Mao_Denda
"/wiki/Marcelo_D2" Marcelo_D2
"/wiki/Marky_(rapper)" Marky
"/wiki/Mark_Oliver_Everett" Mark_Oliver_Everett
"/wiki/Mark_Salling" Mark_Salling
"/wiki/Maria_Isabel" Maria_Isabel
"https://id.wikipedia.org/wiki/Maria_Simorangkir" Maria_Simorangkir
"/wiki/Mariah_Carey" Mariah_Carey
"/wiki/Marilyn_Manson_(band)" Marilyn_Manson
"https://id.wikipedia.org/wiki/Marion_Jola" Marion_Jola
"/wiki/Maroon_5" Maroon_5
"/wiki/Marracash" Marracash
"/wiki/Marshmello" Marshmello
"/wiki/Marta_S%C3%A1nchez" Marta_Sánchez
"/wiki/Martin_Garrix" Martin_Garrix
"/wiki/Martin_Solveig" Martin_Solveig
"/wiki/Martina_McBride" Martina_McBride
"/wiki/Mary_MacGregor" Mary_MacGregor
"/wiki/Masaharu_Fukuyama" Masaharu_Fukuyama
"/wiki/Massacration" Massacration
"/wiki/Maureen_McGovern" Maureen_McGovern
"https://ja.wikipedia.org/wiki/%E7%B4%B0%E8%B0%B7%E4%BD%B3%E6%AD%A3%E3%83%BB%E5%A2%97%E7%94%B0%E4%BF%8A%E6%A8%B9%E3%81%AE%E5%85%A8%E5%8A%9B%E7%94%B7%E5%AD%90" MaxBoys
"/wiki/Meat_Loaf" Meat_Loaf
"/wiki/Megumi_Hayashibara" Megumi_Hayashibara
"/wiki/Mel_Fronckowiak" Mel_Fronckowiak
"/wiki/Melanie_Fiona" Melanie_Fiona
"/wiki/Melissa_Etheridge" Melissa_Etheridge
"/wiki/Melody_Gardot" Melody_Gardot
"/wiki/Method_Man" Method_Man
"/wiki/Megadeth" Megadeth
"/wiki/Metallica" Metallica
"/wiki/Metal_Church" Metal_Church
"/wiki/M.I.A._(artist)" MIA
"/wiki/Michael_Jackson" Michael_Jackson
"/wiki/Michael_Sarver" Michael_Sarver
"/wiki/Migos" Migos
"/wiki/Walt_Disney_Records" Walt_Disney
"/wiki/Mihimaru_GT" Mihimaru_GT
"/wiki/Mika_(singer)" Mika
"/wiki/Mike_Posner" Mike_Posner
"/wiki/Miki_Imai_(singer)" Miki_Imai
"/wiki/Mikky_Ekko" Mikky_Ekko
"/wiki/Miley_Cyrus" Miley_Cyrus
"/wiki/Milton_Nascimento" Milton_Nascimento
"/wiki/Minako_Honda" Minako_Honda
"/wiki/Miyavi" Miyavi
"/wiki/Mishlawi" Mishlawi
"/wiki/Miss_A" Miss_A
"/wiki/Mohamed_Mounir" Mohamed_Mounir
"/wiki/Momoiro_Clover_Z" Momoiro_Clover
"/wiki/Momoland" Momoland
"/wiki/Monsta_X" Monsta_X
"/wiki/Morteza_Pashaei" Morteza_Pashaei
"/wiki/Mr_Hudson" Mr_Hudson
"/wiki/Ms._Triniti" Ms._Triniti
"/wiki/Mumford_%26_Sons" Mumford_&amp _Sons
"/wiki/Muse_(band)" Muse
"/wiki/Mushroomhead" Mushroomhead
"/wiki/M%C3%BDa" Mýa
"/wiki/Myl%C3%A8ne_Farmer" Mylène_Farmer
"/wiki/Nadia_Nakai" Nadia_Nakai
"/wiki/The_Naked_and_Famous" The_Naked_and_Famous
"/wiki/Nami_Tamaki" Nami_Tamaki
"/wiki/Namie_Amuro" Namie_Amuro
"/wiki/Nas" Nas
"/wiki/Nasty_C" Nasty_C
"/wiki/Walt_Disney_Records" Walt_Disney_Records
"/wiki/Nav_(rapper)" Nav
"/wiki/Natalia_Kills" Natalia_Kills
"/wiki/NCT_127" NCT_127
"/wiki/N-Dubz" N-Dubz
"/wiki/Ne-Yo" Ne-Yo
"/wiki/Nelly" Nelly
"/wiki/Nelly_Furtado" Nelly_Furtado
"/wiki/Neon_Trees" Neon_Trees
"/wiki/N.E.R.D" N.E.R.D
"/wiki/Nick_Cave" Nick_Cave
"/wiki/Nickelback" Nickelback
"/wiki/Nicki_Minaj" Nicki_Minaj
"/wiki/Nicola_Roberts" Nicola_Roberts
"/wiki/Nicole_Scherzinger" Nicole_Scherzinger
"/wiki/Nicolette_Larson" Nicolette_Larson
"/wiki/Nightwish" Nightwish
"/wiki/Nimo_(rapper)" Nimo
"/wiki/Nine_Inch_Nails" Nine_Inch_Nails
"/wiki/NOFX" NOFX
"/wiki/Noize_MC" Noize_MC
"/wiki/Noizy" Noizy
"/wiki/Nolwenn_Leroy" Nolwenn_Leroy
"/wiki/The_Notorious_B.I.G." The_Notorious_B.I.G.
"/wiki/NX_Zero" NX_Zero
"/wiki/Of_Monsters_and_Men" Of_Monsters_and_Men
"/wiki/Oh_Wonder" Oh_Wonder
"/wiki/Oingo_Boingo" Oingo_Boingo
"/wiki/OneRepublic" OneRepublic
"/wiki/Oomph!" Oomph!
"/wiki/Orianthi" Orianthi
"/wiki/Emily_Osment" Emily_Osment
"/wiki/The_Offspring" The_Offspring
"/wiki/The_Outfield" The_Outfield
"/wiki/Owl_City" Owl_City
"/wiki/O-Town" O-Town
"/wiki/P.O.D." P.O.D.
"/wiki/Papa_Roach" Papa_Roach
"/wiki/The_Parlotones" The_Parlotones
"/wiki/Pat_Benatar" Pat_Benatar
"/wiki/Patrick_Juvet" Patrick_Juvet
"/wiki/Patsy_Cline" Patsy_Cline
"/wiki/Patty_Smyth" Patty_Smyth
"/wiki/Paul_McCartney" Paul_McCartney
"/wiki/Paul_Engemann" Paul_Engemann
"/wiki/Paula_Fernandes" Paula_Fernandes
"/wiki/Paulina_Rubio" Paulina_Rubio
"/wiki/Pedro_Abrunhosa" Pedro_Abrunhosa
"/wiki/Pet_Shop_Boys" Pet_Shop_Boys
"/wiki/Peter_Bjorn_and_John" Peter_Bjorn_and_John
"/wiki/Petula_Clark" Petula_Clark
"/wiki/Pierce_the_Veil" Pierce_the_Veil
"/wiki/Pixie_Lott" Pixie_Lott
"/wiki/Perfume_(Japanese_band)" Perfume
"/wiki/Phantogram" Phantogram
"/wiki/Phantom_Blue" Phantom_Blue
"/wiki/Walt_Disney_Records" Walt_Disney_Records
"/wiki/Pink_Floyd" Pink_Floyd
"/wiki/Play_(group)" Play
"/wiki/Playaz_Circle" Playaz_Circle
"/wiki/United_States" US
"/wiki/Polina_Gagarina" Polina_Gagarina
"/wiki/Post_Malone" Post_Malone
"/wiki/The_Pussycat_Dolls" The_Pussycat_Dolls
"/wiki/Push_Baby" Push_Baby
"/wiki/Parachute_(band)" Parachute
"/wiki/The_Presets" The_Presets
"/wiki/Prima_J" Prima_J
"/wiki/Prudence_Liew" Prudence_Liew
"/wiki/PSY" PSY
"/wiki/Queen_(band)" Queen
"/wiki/Queens_of_the_Stone_Age" Queens_of_the_Stone_Age
"/wiki/Queensr%C3%BFche" Queensrÿche
"/wiki/R5_(band)" R5
"/wiki/Ra_(American_band)" Ra
"/wiki/Rabbi_Shergill" Rabbi_Shergill
"/wiki/Radwimps" Radwimps
"/wiki/Rae_Sremmurd" Rae_Sremmurd
"/wiki/Rainbow_(South_Korean_band)" Rainbow
"/wiki/Rainer_%2B_Grimm" Rainer_+_Grimm
"/wiki/Rammstein" Rammstein
"/wiki/Chrysalis_Records" Chrysalis_Records
"/wiki/Randy_Newman" Randy_Newman
"/wiki/Raul_Seixas" Raul_Seixas
"/wiki/Raven-Symon%C3%A9" Raven-Symoné
"/wiki/Razorlight" Razorlight
"/wiki/Reba_McEntire" Reba_McEntire
"/wiki/EMI" EMI_Music_Brazil
"/wiki/Redman_(rapper)" Redman
"/wiki/Red_Hot_Chili_Peppers" Red_Hot_Chili_Peppers
"/wiki/Red_Velvet_(group)" Red_Velvet
"/wiki/Renato_Russo" Renato_Russo
"/wiki/Rev_Theory" Rev_Theory
"/wiki/Richard_Marx" Richard_Marx
"/wiki/Rick_Astley" Rick_Astley
"/wiki/Rick_Ross_(rapper)" Rick_Ross
"/wiki/Rich_Boy" Rich_Boy
"/wiki/Rihanna" Rihanna
"/wiki/Ringo_Sheena" Ringo_Sheena
"/wiki/Ringo_Starr" Ringo_Starr
"/wiki/Rise_Against" Rise_Against
"/wiki/Walt_Disney_Records" Walt_Disney_Records
"/wiki/Rob_Zombie" Rob_Zombie
"/wiki/Robbie_Williams" Robbie_Williams
"/wiki/Robin_Beck" Robin_Beck
"/wiki/Robyn" Robyn
"/wiki/Rod_Stewart" Rod_Stewart
"/wiki/Roi_M%C3%A9ndez" Roi_Méndez
"/wiki/Rooney_(band)" Rooney
"/wiki/Ross_Lynch" Ross_Lynch
"/wiki/RPM_(Brazilian_band)" RPM
"/wiki/Rubber_Soul_(band)" Rubber_Soul
"/wiki/The_Runaways" The_Runaways
"/wiki/Ryan_Tedder" Ryan_Tedder
"/wiki/Ryoko_Moriyama" Ryoko_Moriyama
"/wiki/Serena_Ryder" Serena_Ryder
"/wiki/Sakis_Rouvas" Sakis_Rouvas
"/wiki/Sauti_Sol" Sauti_Sol
"/wiki/Sakura_Gakuin" Sakura_Gakuin
"https://id.wikipedia.org/wiki/Samsons" Samsons
"/wiki/Sam_Smith_(singer)" Sam_Smith
"/wiki/India" India
"/wiki/Sandy_(singer)" Sandy
"/wiki/Sandy_%26_J%C3%BAnior" Sandy_&amp _Júnior
"/wiki/Sandy_Lam" Sandy_Lam
"/wiki/Saori_Yuki" Saori_Yuki
"/wiki/Walt_Disney_Records" Walt_Disney_Records
"/wiki/Saraya" Saraya
"/wiki/The_Saturdays" The_Saturdays
"/wiki/Satyricon_(band)" Satyricon
"/wiki/Saving_Grace_(band)" Saving_Grace
"/wiki/Scooter_(band)" Scooter
"/wiki/Scorpions_(band)" Scorpions
"/wiki/Sean_Garrett" Sean_Garrett
"/wiki/Sean_Paul" Sean_Paul
"/wiki/Seeb_(music_producers)" Seeb
"/wiki/Seether" Seether
"/wiki/Selena_Gomez" Selena_Gomez
"/wiki/Serge_Gainsbourg" Serge_Gainsbourg
"/wiki/Sergio_Godinho" Sergio_Godinho
"/wiki/Serebro" Serebro
"/wiki/Seth_MacFarlane" Seth_MacFarlane
"/wiki/Shaggy_(musician)" Shaggy
"/wiki/Walt_Disney_Records" Walt_Disney_Records
"/wiki/Shane_Filan" Shane_Filan
"/wiki/Shania_Twain" Shania_Twain
"/wiki/Shareefa" Shareefa
"/wiki/Shawn_Mendes" Shawn_Mendes
"/wiki/SHINee" SHINee
"/wiki/Shontelle" Shontelle
"/wiki/Show-Ya" Show-Ya
"/wiki/Sia_(singer)" Sia
"/wiki/Sigma_(DJs)" Sigma
"/wiki/Sigrid_(singer)" Sigrid
"/wiki/Silent%C3%B3" Silentó
"/wiki/Simone_%26_Simaria" Simone_&amp _Simaria
"/wiki/Simple_Minds" Simple_Minds
"/wiki/Lava_Records" Lava_Records
"/wiki/Siti_Nurhaliza" Siti_Nurhaliza
"/wiki/Seiko_Matsuda" Seiko_Matsuda
"/wiki/Smile.dk" Smile.dk
"/wiki/Slash_(musician)" Slash
"/wiki/Slayer" Slayer
"/wiki/Smash_Mouth" Smash_Mouth
"/wiki/Snow_Patrol" Snow_Patrol
"/wiki/Sodagreen" Sodagreen
"/wiki/Sonata_Arctica" Sonata_Arctica
"/wiki/Soraya_Arnelas" Soraya_Arnelas
"/wiki/Soulja_Boy" Soulja_Boy
"/wiki/Stevie_Wonder" Stevie_Wonder
"/wiki/India" India
"/wiki/Sugarland" Sugarland
"/wiki/Space_Cowboy_(musician)" Space_Cowboy
"/wiki/Spice_Girls" Spice_Girls
"/wiki/Spose" Spose
"/wiki/Stefanie_Sun" Stefanie_Sun
"/wiki/Steve_Winwood" Steve_Winwood
"/wiki/Sting_(musician)" Sting
"/wiki/Street_Drum_Corps" Street_Drum_Corps
"/wiki/Steel_Panther" Steel_Panther
"/wiki/Stromae" Stromae
"/wiki/The_Stunners_(group)" The_Stunners
"/wiki/Sum_41" Sum_41
"/wiki/Super_Junior" Super_Junior
"/wiki/Super_Monkey%27s" Super_Monkey's
"/wiki/Supertramp" Supertramp
"/wiki/Sully_Erna" Sully_Erna
"/wiki/Svoy" Svoy
"/wiki/Swae_Lee" Swae_Lee
"/wiki/SZA_(singer)" SZA
"/wiki/T.A.T.u." t.A.T.u.
"/wiki/T_Lopez" T_Lopez
"/wiki/T-ara" T-ara
"/wiki/Taio_Cruz" Taio_Cruz
"/wiki/Tajja_Isen" Tajja_Isen
"/wiki/Takako_Matsu" Takako_Matsu
"/wiki/Takashi_Sorimachi" Takashi_Sorimachi
"/wiki/Take_That" Take_That
"/wiki/Tamar_Braxton" Tamar_Braxton
"/wiki/Tami_Chynn" Tami_Chynn
"/wiki/Tamta" Tamta
"/wiki/Tarja_Turunen" Tarja
"/wiki/Taron_Egerton" Taron_Egerton
"/wiki/Taylor_Swift" Taylor_Swift
"/wiki/Tears_for_Fears" Tears_for_Fears
"/wiki/Teresa_Teng" Teresa_Teng
"/wiki/Terri_Nunn" Terri_Nunn
"/wiki/Tessanne_Chin" Tessanne_Chin
"/wiki/Teyana_Taylor" Teyana_Taylor
"/wiki/Thirty_Seconds_to_Mars" Thirty_Seconds_to_Mars
"/wiki/Walt_Disney_Records" Walt_Disney_Records
"/wiki/Tiago_Bettencourt" Tiago_Bettencourt
"/wiki/Ti%C3%ABsto" Tiësto
"/wiki/Tiffany_Darwish" Tiffany_Darwish
"/wiki/Tihuana" Tihuana
"/wiki/Tim_McGraw" Tim_McGraw
"/wiki/Walt_Disney_Records" Walt_Disney_Records
"/wiki/Tinchy_Stryder" Tinchy_Stryder
"/wiki/Tiwa_Savage" Tiwa_Savage
"/wiki/Tiziano_Ferro" Tiziano_Ferro
"/wiki/Tono_Rosario" Tono_Rosario
"/wiki/Toni_Braxton" Toni_Braxton
"/wiki/Tokio_Hotel" Tokio_Hotel
"/wiki/Tom_Tom_Club" Tom_Tom_Club
"/wiki/Tomoyasu_Hotei" Tomoyasu_Hotei
"/wiki/Walt_Disney_Records" Walt_Disney_Records
"/wiki/Toquinho" Toquinho
"/wiki/Tori_Kelly" Tori_Kelly
"/wiki/Tove_Lo" Tove_Lo
"/wiki/The_Tragically_Hip" The_Tragically_Hip
"/wiki/Treat_(band)" Treat
"/wiki/Trippie_Redd" Trippie_Redd
"/wiki/Troye_Sivan" Troye_Sivan
"/wiki/Tupac_Shakur" Tupac_Shakur
"/wiki/TV_on_the_Radio" TV_on_the_Radio
"/wiki/Twelve_Girls_Band" Twelve_Girls_Band
"/wiki/TXT_(band)" TXT
"/wiki/Tyga" Tyga
"/wiki/Tyler_Joseph" Tyler_Joseph
"/wiki/The_Young_Professionals" TYP
"/wiki/Tyson_Ritter" Tyson_Ritter
"/wiki/U2" U2
"/wiki/Ultrabeat" Ultrabeat
"/wiki/Unladylike" Unladylike
"/wiki/Hikaru_Utada" Utada
"/wiki/Vacca_(rapper)" Vacca
"/wiki/The_Vamps_(British_band)" The_Vamps
"/wiki/Vangelis" Vangelis
"/wiki/Van_Halen" Van_Halen
"/wiki/Vanessa_Carlton" Vanessa_Carlton
"/wiki/The_Veer_Union" The_Veer_Union
"/wiki/Venom_(band)" Venom
"/wiki/Vince_Gill" Vince_Gill
"/wiki/Vince_Staples" Vince_Staples
"/wiki/Vixen_(band)" Vixen
"/wiki/Volbeat" Volbeat
"/wiki/Wale_(rapper)" Wale
"/wiki/Cyndi_Wang" Cyndi_Wang
"/wiki/The_Wanted" The_Wanted
"/wiki/Wanting_Qu" Wanting_Qu
"/wiki/WaT" WaT
"/wiki/The_Weeknd" The_Weeknd
"/wiki/Weezer" Weezer
"/wiki/Westlife" Westlife
"/wiki/Whitesnake" Whitesnake
"/wiki/The_Who" The_Who
"/wiki/The_Wiggles" The_Wiggles
"/wiki/Wisin_%26_Yandel" Wisin_&amp _Yandel
"/wiki/Wolfmother" Wolfmother
"/wiki/Wyclef_Jean" Wyclef_Jean
"/wiki/Willy_Northpole" Willy_Northpole
"/wiki/Will_Pan" Will_Pan
"/wiki/Will.i.am" will.i.am
"/wiki/Wilson_Phillips" Wilson_Phillips
"/wiki/Within_Temptation" Within_Temptation
"/wiki/Rostrum_Records" Rostrum_Records
"/wiki/Wonder_Girls" Wonder_Girls
"/wiki/Wu_Bai" Wu_Bai
"/wiki/Xonia" Xonia
"/wiki/Vanness_Wu" Vanness_Wu
"/wiki/Xuxa" Xuxa
"/wiki/Yasuko_Matsuyuki" Yasuko_Matsuyuki
"/wiki/Yazz" Yazz
"/wiki/Yeah_Yeah_Yeahs" Yeah_Yeah_Yeahs
"/wiki/Years_%26_Years" Years_&amp _Years
"/wiki/Yelle" Yelle
"/wiki/Yellow_Magic_Orchestra" Yellow_Magic_Orchestra
"/wiki/Yemi_Alade" Yemi_Alade
"/wiki/Yngwie_Malmsteen" Yngwie_Malmsteen
"/wiki/Yohio" Yohio
"/wiki/Yoko_Ono" Yoko_Ono
"/wiki/Young_Jeezy" Young_Jeezy
"/wiki/Your_Favorite_Martian" Your_Favorite_Martian
"/wiki/Y%C5%AB_Hayami" Yū_Hayami
"/wiki/Yumi_Matsutoya" Yumi_Matsutoya
"/wiki/Yung_L.A." Yung_L.A.
"/wiki/Yves_Larock" Yves_Larock
"/wiki/Yvonne_Elliman" Yvonne_Elliman
"/wiki/Zana_Messia" Zana_Messia
"/wiki/Zascha_Moktan" Zascha_Moktan
"/wiki/Z%C3%A9lia_Duncan" Zélia_Duncan
"/wiki/Zendaya" Zendaya
"/wiki/Zucchero" Zucchero