"/wiki/Nat_King_Cole" Nat_King_Cole
"/wiki/Tennessee_Ernie_Ford" Tennessee_Ernie_Ford
"/wiki/Judy_Garland" Judy_Garland
"/wiki/Nicolai_Gedda" Nicolai_Gedda
"/wiki/The_Goons" The_Goons
"/wiki/Wanda_Jackson" Wanda_Jackson
"/wiki/Dick_James" Dick_James
"/wiki/The_Kingston_Trio" The_Kingston_Trio
"/wiki/Umm_Kulthum" Umm_Kulthum
"/wiki/Dean_Martin" Dean_Martin
"/wiki/Liza_Minnelli" Liza_Minnelli
"/wiki/Cliff_Richard" Cliff_Richard
"/wiki/Jimmy_Shand" Jimmy_Shand
"/wiki/Dinah_Shore" Dinah_Shore
"/wiki/Frank_Sinatra" Frank_Sinatra
"/wiki/Gene_Vincent" Gene_Vincent
"" Muna_Salah
"/wiki/The_Band" The_Band
"/wiki/The_Beach_Boys" The_Beach_Boys
"/wiki/The_Beatles" The_Beatles
"/wiki/Bobby_Darin" Bobby_Darin
"/wiki/Gerry_and_the_Pacemakers" Gerry_and_the_Pacemakers
"/wiki/The_Animals" The_Animals
"/wiki/The_Yardbirds" The_Yardbirds
"/wiki/The_Hollies" The_Hollies
"/wiki/Gullivers_People" Gullivers_People
"/wiki/Pink_Floyd" Pink_Floyd
"/wiki/The_Pretty_Things" The_Pretty_Things
"/wiki/Deep_Purple" Deep_Purple
"/wiki/Cilla_Black" Cilla_Black
"/wiki/Pepe_Jaramillo" Pepe_Jaramillo
"/wiki/Billy_J._Kramer" Billy_J._Kramer
"/wiki/The_Fourmost" The_Fourmost
"/wiki/The_Shadows" The_Shadows
"/wiki/Herman%27s_Hermits" Herman's_Hermits
"/wiki/The_Dave_Clark_Five" The_Dave_Clark_Five
"/wiki/Helen_Shapiro" Helen_Shapiro
"/wiki/Manfred_Mann" Manfred_Mann
"/wiki/The_Move" The_Move
"/wiki/Procol_Harum" Procol_Harum
"/wiki/T._Rex_(band)" T._Rex_(band)
"/wiki/Joe_Cocker" Joe_Cocker
"/wiki/Peter_and_Gordon" Peter_and_Gordon
"/wiki/22-20s" 22-20s
"/wiki/Thirty_Seconds_to_Mars" Thirty_Seconds_to_Mars
"/wiki/Air_Traffic" Air_Traffic
"/wiki/Airbourne_(band)" Airbourne
"/wiki/Aleesia" Aleesia
"/wiki/Alfie_(band)" Alfie
"/wiki/All-4-One" All-4-One
"/wiki/Ahmad_Zahir" Ahmad_Zahir
"/wiki/Ilham_al-Madfai" Ilham_al-Madfai
"/wiki/Lily_Allen" Lily_Allen
"" Al'Margir
"/wiki/Alpha_Galates" Alpha_Galates
"/wiki/A-mei" A-mei
"/wiki/Namie_Amuro" Namie_Amuro
"/wiki/Anah%C3%AD" Anahí
"/wiki/Leif_Ove_Andsnes" Leif_Ove_Andsnes
"/wiki/Angelic_Upstarts" Angelic_Upstarts
"/wiki/Keren_Ann" Keren_Ann
"/wiki/Jack_Jersey" Jack_Jersey
"/wiki/Anouk_(singer)" Anouk
"/wiki/Adam_Ant" Adam_Ant
"/wiki/AFI_(band)" AFI
"/wiki/Alison_Wonderland" Alison_Wonderland
"/wiki/Arrows_(British_band)" Arrows_(British_band)
"/wiki/Art_Brut_(band)" Art_Brut
"/wiki/Richard_Ashcroft" Richard_Ashcroft
"/wiki/Athlete_(band)" Athlete
"/wiki/Melissa_Auf_der_Maur" Auf_der_Maur
"/wiki/Australian_Crawl" Australian_Crawl
"/wiki/Avant_(singer)" Avant
"/wiki/Avion_(band)" Avion
"/wiki/Charles_Aznavour" Charles_Aznavour
"/wiki/Melanie_B" Melanie_B
"/wiki/Lloyd_Banks" Lloyd_Banks
"/wiki/Barenaked_Ladies" Barenaked_Ladies
"/wiki/Bassheads" Bassheads
"/wiki/The_Barracudas" The_Barracudas
"" The_Be_Be_See
"/wiki/Beastie_Boys" Beastie_Boys
"/wiki/Beau_Dommage" Beau_Dommage
"/wiki/Bebe_(entertainer)" Bebe
"/wiki/Victoria_Beckham" Victoria_Beckham
"/wiki/Belinda_Peregr%C3%ADn" Belinda
"/wiki/The_Beta_Band" The_Beta_Band
"/wiki/Blaaze" BlaaZe
"/wiki/Black_Dice" Black_Dice
"/wiki/Black_Rebel_Motorcycle_Club" Black_Rebel_Motorcycle_Club
"/wiki/Black_Sabbath" Black_Sabbath
"" Bleikr_Morrison
"/wiki/Blue_(boy_band)" Blue
"/wiki/Blue_Mink" Blue_Mink
"/wiki/Blur_(band)" Blur
"/wiki/David_Bowie" David_Bowie
"/wiki/Jeff_Bridges" Jeff_Bridges
"/wiki/Lisa_Brokop" Lisa_Brokop
"/wiki/Garth_Brooks" Garth_Brooks
"/wiki/Meredith_Brooks" Meredith_Brooks
"/wiki/Brotherhood_of_Man" Brotherhood_of_Man
"/wiki/James_Brown" James_Brown
"/wiki/Emma_Bunton" Emma_Bunton
"/wiki/Burning_Spear" Burning_Spear
"/wiki/Kate_Bush" Kate_Bush
"/wiki/Melanie_C" Melanie_C
"/wiki/John_Cale" John_Cale
"/wiki/Camper_Van_Beethoven" Camper_Van_Beethoven
"/wiki/Captain_(band)" Captain
"/wiki/Cass_Phang" Cass_Phang
"/wiki/Crookers" Crookers
"/wiki/Mariah_Carey" Mariah_Carey
"" Pat_Carl
"/wiki/Belinda_Carlisle" Belinda_Carlisle
"/wiki/Kim_Carnes" Kim_Carnes
"/wiki/Carpark_North" Carpark_North
"/wiki/Hayko_Cepkin" Hayko_Cepkin
"" Ruben_Chacon
"/wiki/The_Chemical_Brothers" The_Chemical_Brothers
"/wiki/Chiddy_Bang" Chiddy_Bang
"/wiki/Chingy" Chingy
"/wiki/Chumbawamba" Chumbawamba
"/wiki/Anne_Clark_(poet)" Anne_Clark
"/wiki/Claytown_Troupe" Claytown_Troupe
"/wiki/Joe_Cocker" Joe_Cocker
"/wiki/Cockney_Rejects" Cockney_Rejects
"/wiki/Coldplay" Coldplay
"/wiki/Conor_Maynard" Conor_Maynard
"/wiki/The_Colour" The_Colour
"/wiki/The_Concretes" The_Concretes
"/wiki/Elvis_Costello" Elvis_Costello
"/wiki/Graham_Coxon" Graham_Coxon
"/wiki/DJ_Crazy_Toones" DJ_Crazy_Toones
"/wiki/Crowded_House" Crowded_House
"/wiki/Myriam_Montemayor_Cruz" Myriam_Montemayor_Cruz
"/wiki/Daft_Punk" Daft_Punk
"/wiki/The_Dandy_Warhols" The_Dandy_Warhols
"/wiki/The_Decemberists" The_Decemberists
"/wiki/Delirious%3F" Delirious?
"/wiki/The_Departure" The_Departure
"/wiki/Depeche_Mode" Depeche_Mode
"/wiki/Design_(UK_band)" Design
"/wiki/Device_(pop-rock_band)" Device
"/wiki/Dewa_19" Dewa_19
"" Dewi_Dewi
"/wiki/Ahmad_Dhani" Ahmad_Dhani
"/wiki/Dirty_Vegas" Dirty_Vegas
"/wiki/The_Divine_Comedy_(band)" The_Divine_Comedy
"" Doughboy
"/wiki/Doves_(band)" Doves
"/wiki/Dubstar" Dubstar
"/wiki/The_Duke_Spirit" The_Duke_Spirit
"/wiki/Duran_Duran" Duran_Duran
"/wiki/Sheena_Easton" Sheena_Easton
"/wiki/The_Elkcloner" The_Elkcloner
"/wiki/Electric_Light_Orchestra" Electric_Light_Orchestra
"/wiki/Eloy_(band)" Eloy
"/wiki/Elva_Hsiao" Elva_Hsiao
"/wiki/Shawn_Emanuel" Shawn_Emanuel
"/wiki/Empire_(band)" Empire
"/wiki/Enigma_(German_band)" Enigma
"/wiki/Erasure" Erasure
"/wiki/Eric_Johnson_(guitarist,_born_1954)" Eric_Johnson
"/wiki/Eternal_(band)" Eternal
"/wiki/Euphoria_(Australian_band)" Euphoria
"/wiki/Exaltasamba" Exaltasamba
"/wiki/Faith_Evans" Faith_Evans
"/wiki/Evanescence" Evanescence
"/wiki/Everclear_(band)" Everclear
"/wiki/Exodus_(band)" Exodus
"" Ezequielized_Odyssey
"/wiki/Faker_(band)" Faker
"/wiki/Falco_(musician)" Falco
"/wiki/Fairouz" Fairuz
"/wiki/Fatboy_Slim" Fatboy_Slim
"/wiki/Kevin_Federline" Kevin_Federline
"/wiki/Tiziano_Ferro" Tiziano_Ferro
"/wiki/Fey_(singer)" Fey
"/wiki/Neil_Finn" Neil_Finn
"" Fire_12
"/wiki/Fischerspooner" Fischerspooner
"/wiki/Five_Finger_Death_Punch" Five_Finger_Death_Punch
"/wiki/The_Flowers_(Chinese_band)" The_Flowers
"" Jo_FloWroshus
"/wiki/Foo_Fighters" Foo_Fighters
"/wiki/Michael_Franti" Michael_Franti_and_Spearhead
"/wiki/The_J._Geils_Band" The_J._Geils_Band
"/wiki/The_Generators" The_Generators
"/wiki/Debbie_Gibson" Debbie_Gibson
"/wiki/David_Gilmour" David_Gilmour
"/wiki/Gary_Glitter" Gary_Glitter
"/wiki/Glory_(musician)" Glory
"/wiki/Goldfrapp" Goldfrapp
"/wiki/Diego_Gonz%C3%A1lez_(actor)" Diego_González
"/wiki/Gorillaz" Gorillaz
"/wiki/Edyta_G%C3%B3rniak" Edyta_Górniak
"" Gouge
"/wiki/Grand_Avenue_(band)" Grand_Avenue
"/wiki/Grand_Funk_Railroad" Grand_Funk_Railroad
"/wiki/Amy_Grant" Amy_Grant
"/wiki/Great_White_(band)" Great_White
"/wiki/David_Guetta" David_Guetta
"/wiki/G-Unit" G-Unit
"/wiki/Adrian_Gurvitz" Adrian_Gurvitz
"/wiki/Geri_Halliwell" Geri_Halliwell
"" Hallway_Productions
"/wiki/Ed_Harcourt" Ed_Harcourt
"/wiki/Steve_Harley_%26_Cockney_Rebel" Steve_Harley_&amp_Cockney_Rebel
"/wiki/George_Harrison" George_Harrison
"/wiki/Corey_Hart_(singer)" Corey_Hart
"/wiki/Nazia_Hassan" Nazia_Hassan
"/wiki/Zohaib_Hassan" Zohaib_Hassan
"/wiki/Mike_Hawkins_(musician)" Mike_Hawkins
"/wiki/Richard_Hawley" Richard_Hawley
"/wiki/Oliver_Haze" Oliver_Haze
"/wiki/Heart_(band)" Heart
"/wiki/Heroes_del_Silencio" Heroes_del_Silencio
"/wiki/Honey_Bane" Honey_Bane
"/wiki/Jake_Hook" Jake_Hook
"/wiki/Hot_Chip" Hot_Chip
"/wiki/Hot_Chocolate_(band)" Hot_Chocolate
"/wiki/Houston_(singer)" Houston_(singer)
"/wiki/Stanley_Huang" Stanley_Huang
"/wiki/Hurt_(band)" Hurt
"/wiki/Ice_Cube" Ice_Cube
"/wiki/Idlewild_(band)" Idlewild
"/wiki/Interpol_(band)" Interpol
"/wiki/Iron_Maiden" Iron_Maiden
"/wiki/Alan_Jackson" Alan_Jackson
"/wiki/Janet_Jackson" Janet_Jackson
"/wiki/Jaguares_(rock_band)" Jaguares
"/wiki/Jessica_Simpson" Jessica_Simpson
"/wiki/Mulan_Jameela" Mulan_Jameela
"/wiki/Duncan_James" Duncan_James
"/wiki/Jane%27s_Addiction" Jane's_Addiction
"/wiki/Matthew_Jay" Matthew_Jay
"/wiki/Pepe_Jaramillo" Pepe_Jaramillo
"/wiki/Jean_Michel_Jarre" Jean_Michel_Jarre
"/wiki/Dr._John" Dr._John
"/wiki/Norah_Jones" Norah_Jones
"/wiki/Junior_Senior" Junior_Senior
"/wiki/Junoon_(band)" Junoon
"/wiki/Laura_Michelle_Kelly" Laura_Michelle_Kelly
"/wiki/Kenna" Kenna
"/wiki/Nusrat_Fateh_Ali_Khan" Nusrat_Fateh_Ali_Khan
"" Killa_Mike
"/wiki/King_Biscuit_Time_(musician)" King_Biscuit_Time
"/wiki/Kings_of_Convenience" Kings_of_Convenience
"/wiki/The_Knack" The_Knack
"/wiki/Beverley_Knight" Beverley_Knight
"/wiki/Jordan_Knight" Jordan_Knight
"/wiki/Korn" Korn
"/wiki/Kraftwerk" Kraftwerk
"/wiki/Leo_Ku" Leo_Ku
"/wiki/Kudai" Kudai
"/wiki/Kyla" Kyla
"/wiki/Lady_Antebellum" Lady_Antebellum
"/wiki/Cristy_Lane" Cristy_Lane
"/wiki/Marit_Larsen" Marit_Larsen
"/wiki/LCD_Soundsystem" LCD_Soundsystem
"/wiki/Legi%C3%A3o_Urbana" Legião_Urbana
"/wiki/John_Lennon" John_Lennon
"/wiki/LeToya_Luckett" LeToya
"/wiki/Huey_Lewis_and_the_News" Huey_Lewis_and_the_News
"/wiki/Libera_(choir)" Libera
"/wiki/Alex_Lloyd" Alex_Lloyd
"/wiki/Justin_Lo" Justin_Lo
"/wiki/Loane" Loane
"" Lolene
"/wiki/Lollipop_(Taiwanese_Group)" Lollipop
"/wiki/Los_Mismos" Los_Mismos
"/wiki/Ruth_Lorenzo" Ruth_Lorenzo
"/wiki/Louise_Redknapp" Louise
"/wiki/M2M_(band)" M2M
"/wiki/Madredeus" Madredeus
"/wiki/Mae" Mae
"/wiki/The_Magic_Numbers" The_Magic_Numbers
"" Maids_of_Gravity
"/wiki/Die_Mannequin" Die_Mannequin
"/wiki/Manowar" Manowar
"/wiki/Marillion" Marillion
"/wiki/Marinella" Marinella
"/wiki/Lene_Marlin" Lene_Marlin
"" Junior_Martinez
"/wiki/Richard_Marx" Richard_Marx
"/wiki/Willy_Mason" Willy_Mason
"/wiki/Abraham_Mateo" Abraham_Mateo
"/wiki/Keiko_Matsui" Keiko_Matsui
"/wiki/Paul_McCartney"
"/wiki/McFly" McFly
"/wiki/Megadeth" Megadeth
"/wiki/Meat_Loaf" Meat_Loaf
"/wiki/Memorain" Memorain
"/wiki/George_Michael" George_Michael
"/wiki/Michael_Learns_to_Rock" Michael_Learns_to_Rock
"/wiki/Mina_(Italian_singer)" Mina
"/wiki/Kylie_Minogue" Kylie_Minogue
"" Rickey_Montena
"/wiki/Mandy_Moore" Mandy_Moore
"/wiki/Morrissey" Morrissey
"/wiki/Bob_Mould" Bob_Mould
"/wiki/Mud_(band)" Mud
"/wiki/R%C3%B3is%C3%ADn_Murphy" Róisín_Murphy
"/wiki/The_Music_(band)" The_Music
"/wiki/Na_Ying" Na_Ying
"/wiki/Naast" Naast
"" Nachlader
"/wiki/Kary_Ng" Kary_Ng
"/wiki/Nickelback" Nickelback
"/wiki/Martin_Nievera" Martin_Nievera
"/wiki/Nine_Times_Bodyweight" Nine_Times_Bodyweight
"/wiki/O%27G3NE" O'G3NE
"/wiki/Oh_Land" Oh_Land
"/wiki/Omarion" Omarion
"/wiki/One_More_Girl" One_More_Girl
"/wiki/Operator_Please" Operator_Please
"/wiki/Orbital_(band)" Octane_(OST)
"/wiki/Stacie_Orrico" Stacie_Orrico
"/wiki/Beth_Orton" Beth_Orton
"/wiki/Otep" Otep
"/wiki/Fito_P%C3%A1ez" Fito_Páez
"/wiki/Papa_VS_Pretty" Papa_VS_Pretty
"/wiki/Sarina_Paris" Sarina_Paris
"/wiki/Jennylyn_Mercado" Jennylyn_Mercado
"/wiki/Katy_Perry" Katy_Perry
"/wiki/Pet_Shop_Boys" Pet_Shop_Boys
"/wiki/Liz_Phair" Liz_Phair
"/wiki/Poison_(American_band)" Poison
"" Power_Francers
"/wiki/Prefab_Sprout" Prefab_Sprout
"/wiki/Maxi_Priest" Maxi_Priest
"/wiki/Prime_Circle" Prime_Circle
"/wiki/Los_Prisioneros" Los_Prisioneros
"/wiki/Professor_Green" Professor_Green
"/wiki/Osvaldo_Pugliese" Osvaldo_Publiese
"/wiki/Suzi_Quatro" Suzi_Quatro
"/wiki/Queen_(band)" Queen
"/wiki/Queensr%C3%BFche" Queensrÿche
"/wiki/R.E.M." R.E.M.
"/wiki/Radar_(band)" Radar
"/wiki/Radiohead" Radiohead
"/wiki/The_Rascals_(English_band)" Rascals
"/wiki/Ricki-Lee" Ricki-Lee
"/wiki/Corinne_Bailey_Rae" Corinne_Bailey_Rae
"/wiki/Raekwon" Raekwon
"/wiki/Raining_Pleasure" Raining_Pleasure
"/wiki/Marion_Raven" Marion_Raven
"/wiki/RBD" RBD
"/wiki/Red_Hot_Chili_Peppers" Red_Hot_Chili_Peppers
"/wiki/Helen_Reddy" Helen_Reddy
"/wiki/Relient_K" Relient_K
"" Gracie_Rivera
"/wiki/Kenny_Rogers" Kenny_Rogers
"/wiki/Roll_Deep" Roll_Deep
"/wiki/The_Rolling_Stones" The_Rolling_Stones
"/wiki/Sigur_R%C3%B3s" Sigur_Rós
"/wiki/Diana_Ross" Diana_Ross
"/wiki/Vasco_Rossi" Vasco_Rossi
"/wiki/Sakis_Rouvas" Sakis_Rouvas
"/wiki/Roxette" Roxette
"" Rappin_P
"/wiki/R%C3%B6yksopp" Röyksopp
"/wiki/Rodney_Rude" Rodney_Rude
"/wiki/Rucka_Rucka_Ali" Rucka_Rucka_Ali
"/wiki/Ruslana" Ruslana
"/wiki/Deric_Ruttan" Deric_Ruttan
"/wiki/Lee_Ryan" Lee_Ryan
"/wiki/Samestate" Samestate
"/wiki/Sandy_Lam" Sandy_Lam
"/wiki/Satyricon_(band)" Satyricon
"" Mose_Scarlett
"" Scotty_Boy_and_the_James_Kennedys
"/wiki/S.H.E." S.H.E.
"/wiki/Sara_Tunes" Sara_Tunes
"/wiki/Sarah_Chen" Sarah_Chen
"/wiki/Salmonella_Dub" Salmonella_Dub
"/wiki/Scorpions_(band)" Scorpions
"/wiki/Dan_Seals" Dan_Seals
"/wiki/Jay_Sean" Jay_Sean
"/wiki/Bob_Seger" Bob_Seger
"/wiki/Selena" Selena
"/wiki/The_Sex_Pistols" The_Sex_Pistols
"/wiki/Silent_Running_(band)" Silent_Running
"/wiki/Shazza" Shazza
"/wiki/Shaye" Shaye
"/wiki/Shenandoah_(band)" Shenandoah
"/wiki/SHINee" SHINee
"/wiki/Show_Lo" Show_Lo
"/wiki/Show-Ya" Show-Ya
"/wiki/The_Sleepy_Jackson" The_Sleepy_Jackson
"/wiki/The_Smashing_Pumpkins" The_Smashing_Pumpkins
"/wiki/The_Smiths" The_Smiths
"/wiki/Snoop_Dogg" Snoop_Dogg
"" The_Sonic_Hearts
"/wiki/Soprano" Soprano
"/wiki/Sparklehorse" Sparklehorse
"/wiki/Spice_Girls" Spice_Girls
"/wiki/Ringo_Starr" Ringo_Starr
"/wiki/Starsailor_(band)" Starsailor
"" Stereo
"/wiki/Steriogram" Steriogram
"/wiki/Angus_%26_Julia_Stone" Angus_&amp _Julia_Stone
"/wiki/Joss_Stone" Joss_Stone
"/wiki/The_Stranglers" The_Stranglers
"" Nicholas_Strunk_(NICKhilton_Entertainment)
"/wiki/Stefanie_Sun" Stefanie_Sun
"/wiki/The_Sunstreak" The_Sunstreak
"/wiki/Super_Monkey%27s" Super_Monkey's
"/wiki/Supergrass" Supergrass
"/wiki/Aleks_Syntek" Aleks_Syntek
"/wiki/T-ara" T-ara
"/wiki/T.O.Y." T.O.Y.
"/wiki/T.Rex_(band)" T._Rex
"/wiki/Talk_Talk" Talk_Talk
"/wiki/Talking_Heads" Talking_Heads
"/wiki/Tamta" Tamta
"/wiki/Stephy_Tang" Stephy_Tang
"/wiki/David_Tao" David_Tao
"/wiki/A_Taste_of_Honey_(band)" A_Taste_of_Honey
"/wiki/The_Tea_Party" The_Tea_Party
"/wiki/Telepopmusik" Telepopmusik
"/wiki/Tinie_Tempah" Tinie_Tempah
"/wiki/Tension_(Taiwanese_band)" Tension_(band)
"/wiki/Nicholas_Teo" Nicholas_Teo
"/wiki/Thal%C3%ADa" Thalía
"/wiki/This_World_Fair" This_World_Fair
"/wiki/Lynda_Thomas" Lynda_Thomas
"/wiki/Richard_Thompson_(musician)" Richard_Thompson
"" Toxic_Kompulsion
"/wiki/Trina" Trina
"" Troy_Ave
"/wiki/Troye_Sivan" Troye_Sivan
"/wiki/Jolin_Tsai" Jolin_Tsai
"/wiki/KT_Tunstall" KT_Tunstall
"/wiki/Grzegorz_Turnau" Grzegorz_Turnau
"/wiki/Tina_Turner" Tina_Turner
"/wiki/Twista" Twista
"/wiki/Keith_Urban" Keith_Urban
"/wiki/Hikaru_Utada" Hikaru_Utada
"/wiki/Lim_Hyung_Joo" Lim_Hyung_Joo
"/wiki/Valen_Hsu" Valen_Hsu
"/wiki/Van_Hunt" Van_Hunt
"/wiki/Vanilla_Ice" Vanilla_Ice
"/wiki/The_Verve" The_Verve
"/wiki/Zhao_Wei" Zhao_Wei
"/wiki/Vincent_Vincent_and_the_Villains" Vincent_Vincent_and_the_Villains
"/wiki/The_Vines_(band)" The_Vines
"/wiki/Vinnie_Vincent_Invasion" Vinnie_Vincent_Invasion
"/wiki/Vixen_(band)" Vixen
"/wiki/Vodka_Collins" Vodka_Collins
"/wiki/W.A.S.P._(band)" W.A.S.P.
"/wiki/Waltari" Waltari
"/wiki/Watershed_(South_African_band)" Watershed_(South_African_band)
"/wiki/WC_(rapper)" WC
"/wiki/Simon_Webbe" Simon_Webbe
"/wiki/Matt_White_(musician)" Matt_White
"/wiki/The_White_Stripes" The_White_Stripes
"/wiki/Whitesnake" Whitesnake
"/wiki/Robbie_Williams" Robbie_Williams
"/wiki/Wilson_Phillips" Wilson_Phillips
"/wiki/Wizzard" Wizzard
"/wiki/Fann_Wong" Fann_Wong
"/wiki/Faye_Wong" Faye_Wong
"/wiki/Roy_Wood" Roy_Wood
"" Wrecktangle
"/wiki/X_Japan" X_Japan
"/wiki/XX_Teens" XX_Teens
"/wiki/Rainie_Yang" Rainie_Yang
"/wiki/Tony_Yayo" Tony_Yayo
"/wiki/You_Me_At_Six" You_Me_At_Six
"/wiki/Young_Maylay" Young_Maylay
"/wiki/Bertine_Zetlitz" Bertine_Zetlitz
"/wiki/Peggy_Zina" Peggy_Zina
"" Zona_Boy_And_Co.
"/wiki/Goldfish_(band)" Goldfish
"" The_Moonlighters
"/wiki/F.L.Y." F.L.Y.
"/wiki/Roberto_Alagna" Roberto_Alagna
"/wiki/Leif_Ove_Andsnes" Leif_Ove_Andsnes
"/wiki/Agustin_Anievas" Agustin_Anievas
"/wiki/Helena_Blagne" Helena_Blagne
"/wiki/Linda_Brava" Linda_Brava
"/wiki/Olaf_B%C3%A4r" Olaf_Bär
"/wiki/John_Barbirolli" Sir_John_Barbirolli
"/wiki/Thomas_Beecham" Sir_Thomas_Beecham
"/wiki/Ian_Bostridge" Ian_Bostridge
"/wiki/Adrian_Boult" Sir_Adrian_Boult
"/wiki/Dennis_Brain" Dennis_Brain
"/wiki/Maria_Callas" Maria_Callas
"/wiki/Nazzareno_Carusi" Nazzareno_Carusi
"/wiki/Enrico_Caruso" Enrico_Caruso
"/wiki/Natalie_Dessay" Natalie_Dessay
"/wiki/Jacqueline_du_Pr%C3%A9" Jacqueline_du_Pré
"/wiki/Edward_Elgar" Sir_Edward_Elgar
"/wiki/Fairouz" Fairuz
"/wiki/Mariss_Jansons" Mariss_Jansons
"/wiki/Herbert_von_Karajan" Herbert_von_Karajan
"/wiki/Rudolf_Kempe" Rudolf_Kempe
"/wiki/Nigel_Kennedy" Nigel_Kennedy
"/wiki/Otto_Klemperer" Otto_Klemperer
"/wiki/Umm_Kulthum" Umm_Kulthum
"/wiki/Trey_Lee_Chui-yee" Trey_Chui-yee_Lee
"/wiki/Dinu_Lipatti" Dinu_Lipatti
"/wiki/Elizabeth_Marvelly" Elizabeth_Marvelly
"/wiki/Yehudi_Menuhin" Yehudi_Menuhin
"/wiki/Sabine_Meyer" Sabine_Meyer
"/wiki/Riccardo_Muti" Riccardo_Muti
"/wiki/Simon_O%27Neill" Simon_O'Neill
"/wiki/Antonio_Pappano" Antonio_Pappano
"/wiki/Itzhak_Perlman" Itzhak_Perlman
"" Blair_Ellis_Robertson
"/wiki/Simon_Rattle" Sir_Simon_Rattle
"/wiki/Wolfgang_Sawallisch" Wolfgang_Sawallisch
"/wiki/Artur_Schnabel" Artur_Schnabel
"/wiki/Maxim_Vengerov" Maxim_Vengerov
"/wiki/William_Walton" Sir_William_Walton
"/wiki/Franz_Welser-M%C3%B6st" Franz_Welser-Möst